Material,Family,Density,Young's Modulus,Yield Strength,Tensile Strength,Thermal Conductivity,Cost,Poisson Ratio
Aluminum 6061-T6,Metal,2.70,68.9,276,310,167,5.0,0.33
Aluminum 7075-T6,Metal,2.81,71.7,503,572,130,7.0,0.33
Aluminum 2024-T3,Metal,2.78,73.1,325,470,121,6.0,0.33
Aluminum 5052-H32,Metal,2.68,70.3,193,228,138,4.5,0.33
Aluminum 5083-H116,Metal,2.66,71.0,215,305,117,5.0,0.33
Aluminum 6063-T6,Metal,2.70,69.0,214,241,201,4.5,0.33
Magnesium AZ31B,Metal,1.77,45,200,290,96,8.0,0.35
Mild Steel,Metal,7.85,200,250,400,50,1.5,0.30
AISI 1018 Steel,Metal,7.87,205,370,440,51,1.6,0.29
AISI 1045 Steel,Metal,7.85,205,530,625,49,1.7,0.29
AISI 4140 Steel,Metal,7.85,205,655,850,42,2.5,0.29
AISI 4340 Steel,Metal,7.85,205,850,1080,44,3.0,0.29
HSLA Steel,Metal,7.85,205,500,600,50,2.0,0.29
Tool Steel D2,Metal,7.70,210,1400,1700,20,8.0,0.30
Stainless Steel 304,Metal,8.00,193,215,505,16,5.0,0.29
Stainless Steel 316,Metal,8.00,193,290,580,14,6.0,0.30
Stainless Steel 17-4 PH,Metal,7.75,197,1000,1170,18,8.0,0.30
Stainless Steel 410,Metal,7.75,200,450,650,25,5.0,0.28
Titanium Grade 2,Metal,4.51,105,275,345,17,18.0,0.34
Titanium Grade 5,Metal,4.43,114,880,950,7.2,35.0,0.34
Copper C110,Metal,8.94,117,69,220,391,11.0,0.34
Brass C360,Metal,8.50,97,310,450,115,8.5,0.34
Phosphor Bronze,Metal,8.80,110,300,550,50,12.0,0.34
Cast Iron,Metal,7.20,110,250,400,50,1.8,0.26
Ductile Iron,Metal,7.10,170,400,650,35,2.0,0.29
Zinc,Metal,7.14,83,200,330,116,4.0,0.25
Nickel,Metal,8.90,200,60,317,91,22.0,0.31
Inconel 718,Metal,8.19,200,1030,1240,11.4,55.0,0.29
Monel 400,Metal,8.80,180,240,550,22,35.0,0.32
Tungsten,Metal,19.25,411,550,750,174,50.0,0.28
Lead,Metal,11.34,16,5,18,35,3.0,0.44
ABS,Polymer,1.04,2.3,40,45,0.18,2.5,0.35
Nylon 6,Polymer,1.14,2.8,70,75,0.25,4.0,0.39
Nylon 6/6,Polymer,1.14,3.0,75,85,0.25,4.5,0.39
Polycarbonate,Polymer,1.20,2.4,65,70,0.20,3.5,0.37
PEEK,Polymer,1.32,3.6,100,100,0.25,80.0,0.38
HDPE,Polymer,0.95,0.8,25,30,0.50,2.0,0.46
LDPE,Polymer,0.92,0.2,8,12,0.33,2.0,0.46
LLDPE,Polymer,0.92,0.3,10,20,0.33,2.1,0.45
PP,Polymer,0.90,1.5,30,35,0.22,2.2,0.42
PVC Rigid,Polymer,1.40,3.0,50,55,0.17,2.5,0.40
PVC Flexible,Polymer,1.25,0.03,10,20,0.16,2.8,0.45
PTFE,Polymer,2.20,0.5,15,25,0.25,10.0,0.46
PEI,Polymer,1.27,3.2,110,110,0.22,25.0,0.36
POM Acetal,Polymer,1.41,2.9,65,70,0.31,4.5,0.35
PBT,Polymer,1.31,2.4,55,55,0.24,4.0,0.38
PET,Polymer,1.38,2.8,55,60,0.24,3.0,0.38
PPS,Polymer,1.35,3.5,90,100,0.30,18.0,0.36
PVDF,Polymer,1.78,2.0,40,50,0.19,12.0,0.35
PMMA Acrylic,Polymer,1.18,3.2,65,70,0.19,3.0,0.37
Polystyrene,Polymer,1.05,3.2,35,45,0.13,2.0,0.35
SAN,Polymer,1.08,3.5,55,65,0.20,2.8,0.35
PLA,Polymer,1.24,3.5,50,60,0.13,3.0,0.36
UHMWPE,Polymer,0.93,0.8,20,40,0.40,5.0,0.46
Epoxy Resin,Polymer,1.20,3.0,50,60,0.20,4.0,0.35
Carbon Fiber/Epoxy,Composite,1.55,70,600,900,5.0,25.0,0.30
Unidirectional Carbon/Epoxy,Composite,1.55,135,900,1500,8.0,45.0,0.28
CFRP,Composite,1.60,120,800,1500,5.5,40.0,0.28
Glass Fiber/Polyester,Composite,1.80,25,300,500,0.30,8.0,0.30
Glass Fiber/Epoxy,Composite,1.90,35,450,700,0.35,12.0,0.30
S-Glass/Epoxy,Composite,1.95,45,600,1000,0.40,18.0,0.29
Aramid/Epoxy,Composite,1.35,50,500,900,0.20,30.0,0.35
GFRP Pultruded,Composite,1.90,30,350,600,0.35,7.0,0.28
Natural Fiber/Epoxy,Composite,1.30,15,150,250,0.30,6.0,0.32
Flax Fiber/Epoxy,Composite,1.30,20,180,300,0.30,8.0,0.31
Hemp Fiber/Epoxy,Composite,1.25,15,140,220,0.25,7.0,0.32
Wood Fiber/PP,Composite,1.15,5.0,50,70,0.25,3.5,0.35
Oak,Wood,0.70,11,50,100,0.17,4.0,0.35
Pine,Wood,0.50,9,35,70,0.12,2.0,0.35
Balsa,Wood,0.16,3.0,10,15,0.06,8.0,0.30
Birch,Wood,0.65,13,55,110,0.18,3.5,0.35
Maple,Wood,0.70,12.6,55,95,0.16,5.0,0.35
Douglas Fir,Wood,0.53,13,45,80,0.12,2.5,0.35
Walnut,Wood,0.64,11,40,80,0.15,7.0,0.35
Concrete,Ceramic,2.40,30,20,5,1.70,0.15,0.20
Alumina,Ceramic,3.90,380,300,300,25,5.0,0.22
Silicon Carbide,Ceramic,3.10,410,350,350,120,20.0,0.17
Silicon Nitride,Ceramic,3.20,310,700,800,30,35.0,0.27
Zirconia,Ceramic,6.05,210,1000,1000,2.5,20.0,0.31
Mullite,Ceramic,3.10,150,150,200,5.0,12.0,0.25
Borosilicate Glass,Ceramic,2.23,64,35,45,1.2,2.5,0.20
Soda-Lime Glass,Ceramic,2.50,70,35,45,1.0,1.0,0.22
Fused Silica,Ceramic,2.20,73,50,50,1.4,8.0,0.17
Silicone Rubber,Elastomer,1.10,0.01,5,8,0.20,8.0,0.49
Natural Rubber,Elastomer,0.93,0.005,20,25,0.13,3.0,0.49
Neoprene,Elastomer,1.23,0.01,15,20,0.20,5.0,0.49
EPDM Rubber,Elastomer,1.10,0.01,15,25,0.25,4.0,0.49
Nitrile Rubber,Elastomer,1.00,0.01,15,25,0.20,4.5,0.49
Polyurethane Elastomer,Elastomer,1.20,0.02,25,40,0.25,6.0,0.49
Cork,Natural,0.24,0.03,2,3,0.04,3.0,0.30
Bamboo,Natural,0.70,20,80,160,0.15,3.0,0.35
Hemp Fiber, Natural,1.48,35,350,800,0.05,8.0,0.30
Flax Fiber,Natural,1.50,60,500,1000,0.04,10.0,0.30
Jute Fiber,Natural,1.46,30,400,800,0.06,6.0,0.30
